{
    "ie_model": 0.75844806432724,
    "ns_model": 0.6382978723404256,
    "tf_model": 0.7484355568885803,
    "jp_model": 0.6070087609511889
}