{
    "ie_model": 0.7409261465072632,
    "ns_model": 0.6408010125160217,
    "tf_model": 0.7334167957305908,
    "jp_model": 0.6395494341850281
}