{
    "ie_model": 0.7314428687095642,
    "ns_model": 0.6280233263969421,
    "tf_model": 0.7306088209152222,
    "jp_model": 0.6288573741912842
}